customer_id,customer_name,customer_address,email
6,Jessica Miller,859 Oak St,customer6@mail.com
7,Anna Garcia,441 Maple St,customer7@mail.com
8,Jessica Smith,556 Maple St,customer8@mail.com
9,Jane Miller,980 Maple St,customer9@mail.com
10,Anna Davis,869 Elm St,customer10@mail.com
11,James Miller,850 Oak St,customer11@mail.com
12,Emily Williams,413 Pine St,customer12@mail.com
13,John Martinez,917 Maple St,customer13@mail.com
14,Michael Davis,920 Pine St,customer14@mail.com
15,Jessica Johnson,882 Birch St,customer15@mail.com
16,Michael Garcia,792 Pine St,customer16@mail.com
17,Daniel Johnson,239 Pine St,customer17@mail.com
18,John Jones,316 Elm St,customer18@mail.com
19,Sarah Martinez,691 Elm St,customer19@mail.com
20,Jessica Williams,318 Elm St,customer20@mail.com
21,Daniel Hernandez,421 Maple St,customer21@mail.com
22,James Brown,690 Cedar St,customer22@mail.com
23,Jane Garcia,797 Birch St,customer23@mail.com
24,Daniel Martinez,586 Pine St,customer24@mail.com
25,Sarah Martinez,610 Elm St,customer25@mail.com
26,Emily Smith,975 Oak St,customer26@mail.com
27,John Miller,542 Elm St,customer27@mail.com
28,James Williams,705 Pine St,customer28@mail.com
29,John Williams,499 Elm St,customer29@mail.com
30,John Jones,498 Maple St,customer30@mail.com
31,James Martinez,987 Cedar St,customer31@mail.com
32,Anna Jones,742 Elm St,customer32@mail.com
33,Emily Johnson,856 Birch St,customer33@mail.com
34,Jane Garcia,317 Cedar St,customer34@mail.com
35,Anna Jones,627 Oak St,customer35@mail.com
36,Daniel Jones,350 Pine St,customer36@mail.com
37,Anna Jones,964 Oak St,customer37@mail.com
38,Anna Miller,507 Birch St,customer38@mail.com
39,Jane Martinez,854 Oak St,customer39@mail.com
40,Jessica Davis,367 Birch St,customer40@mail.com
41,Anna Hernandez,445 Cedar St,customer41@mail.com
42,Emily Garcia,386 Maple St,customer42@mail.com
43,John Williams,997 Pine St,customer43@mail.com
44,John Miller,233 Oak St,customer44@mail.com
45,James Hernandez,787 Oak St,customer45@mail.com
46,Michael Brown,700 Birch St,customer46@mail.com
47,Sarah Martinez,162 Pine St,customer47@mail.com
48,John Hernandez,378 Maple St,customer48@mail.com
49,Michael Hernandez,759 Elm St,customer49@mail.com
50,Jessica Williams,842 Elm St,customer50@mail.com
51,Jessica Williams,991 Maple St,customer51@mail.com
52,Emily Martinez,325 Birch St,customer52@mail.com
53,Daniel Williams,377 Pine St,customer53@mail.com
54,Sarah Brown,699 Elm St,customer54@mail.com
55,Emily Smith,417 Maple St,customer55@mail.com
56,Jane Johnson,287 Birch St,customer56@mail.com
57,Jessica Miller,466 Cedar St,customer57@mail.com
58,John Jones,537 Pine St,customer58@mail.com
59,Sarah Hernandez,994 Maple St,customer59@mail.com
60,Anna Martinez,248 Maple St,customer60@mail.com
61,Jessica Hernandez,519 Maple St,customer61@mail.com
62,Emily Williams,460 Elm St,customer62@mail.com
63,Jessica Miller,390 Oak St,customer63@mail.com
64,Anna Davis,764 Cedar St,customer64@mail.com
65,Michael Jones,525 Maple St,customer65@mail.com
66,Sarah Martinez,161 Pine St,customer66@mail.com
67,Jane Hernandez,252 Pine St,customer67@mail.com
68,John Johnson,764 Pine St,customer68@mail.com
69,Jessica Hernandez,683 Cedar St,customer69@mail.com
70,Michael Martinez,386 Maple St,customer70@mail.com
71,Daniel Davis,589 Maple St,customer71@mail.com
72,Anna Hernandez,146 Cedar St,customer72@mail.com
73,John Hernandez,653 Elm St,customer73@mail.com
74,Michael Brown,595 Birch St,customer74@mail.com
75,Jessica Hernandez,805 Pine St,customer75@mail.com
76,Anna Martinez,639 Cedar St,customer76@mail.com
77,Daniel Smith,436 Cedar St,customer77@mail.com
78,James Brown,181 Oak St,customer78@mail.com
79,Anna Miller,525 Cedar St,customer79@mail.com
80,James Miller,437 Oak St,customer80@mail.com
81,James Smith,375 Oak St,customer81@mail.com
82,John Garcia,516 Elm St,customer82@mail.com
83,Michael Davis,306 Cedar St,customer83@mail.com
84,Sarah Martinez,494 Oak St,customer84@mail.com
85,Anna Martinez,274 Birch St,customer85@mail.com
86,Emily Hernandez,947 Pine St,customer86@mail.com
87,Sarah Davis,118 Maple St,customer87@mail.com
88,Daniel Davis,895 Elm St,customer88@mail.com
89,Daniel Jones,319 Pine St,customer89@mail.com
90,James Garcia,472 Elm St,customer90@mail.com
91,James Garcia,136 Oak St,customer91@mail.com
92,Jessica Jones,102 Oak St,customer92@mail.com
93,James Garcia,240 Birch St,customer93@mail.com
94,Sarah Williams,837 Pine St,customer94@mail.com
95,Michael Garcia,987 Birch St,customer95@mail.com
96,Anna Smith,166 Elm St,customer96@mail.com
97,Michael Brown,365 Pine St,customer97@mail.com
98,Jessica Davis,256 Oak St,customer98@mail.com
99,Jessica Garcia,989 Birch St,customer99@mail.com
100,Michael Garcia,310 Birch St,customer100@mail.com
101,John Williams,822 Elm St,customer101@mail.com
102,Michael Martinez,465 Birch St,customer102@mail.com
103,James Davis,234 Elm St,customer103@mail.com
104,Jane Miller,708 Cedar St,customer104@mail.com
105,Michael Martinez,310 Birch St,customer105@mail.com
106,David Miller,721 Elm St,customer106@mail.com
107,John Garcia,483 Birch St,customer107@mail.com
108,Jessica Williams,750 Birch St,customer108@mail.com
109,David Johnson,246 Maple St,customer109@mail.com
110,Jane Jones,542 Cedar St,customer110@mail.com
111,Jessica Miller,550 Pine St,customer111@mail.com
112,James Brown,596 Birch St,customer112@mail.com
113,David Martinez,434 Maple St,customer113@mail.com
114,Jessica Jones,831 Birch St,customer114@mail.com
115,John Williams,655 Maple St,customer115@mail.com
116,John Jones,169 Elm St,customer116@mail.com
117,John Martinez,143 Maple St,customer117@mail.com
118,Daniel Garcia,888 Birch St,customer118@mail.com
119,Emily Williams,611 Birch St,customer119@mail.com
120,Jane Williams,775 Maple St,customer120@mail.com
121,Jessica Garcia,570 Pine St,customer121@mail.com
122,Anna Garcia,420 Cedar St,customer122@mail.com
123,Jane Williams,330 Maple St,customer123@mail.com
124,John Williams,621 Oak St,customer124@mail.com
125,Emily Miller,177 Cedar St,customer125@mail.com
126,Emily Martinez,171 Elm St,customer126@mail.com
127,James Johnson,109 Maple St,customer127@mail.com
128,David Brown,508 Oak St,customer128@mail.com
129,Anna Smith,933 Oak St,customer129@mail.com
130,James Martinez,313 Pine St,customer130@mail.com
131,David Garcia,829 Oak St,customer131@mail.com
132,Anna Garcia,865 Elm St,customer132@mail.com
133,Sarah Garcia,263 Birch St,customer133@mail.com
134,David Johnson,700 Elm St,customer134@mail.com
135,Anna Jones,621 Maple St,customer135@mail.com
136,David Davis,403 Cedar St,customer136@mail.com
137,Jane Jones,728 Maple St,customer137@mail.com
138,James Smith,645 Elm St,customer138@mail.com
139,John Miller,731 Oak St,customer139@mail.com
140,Jessica Martinez,340 Maple St,customer140@mail.com
141,James Hernandez,796 Oak St,customer141@mail.com
142,John Johnson,628 Maple St,customer142@mail.com
143,Sarah Williams,549 Cedar St,customer143@mail.com
144,James Williams,789 Cedar St,customer144@mail.com
145,Emily Martinez,360 Birch St,customer145@mail.com
146,Jane Johnson,462 Maple St,customer146@mail.com
147,Michael Hernandez,301 Cedar St,customer147@mail.com
148,Emily Jones,323 Oak St,customer148@mail.com
149,James Brown,307 Pine St,customer149@mail.com
150,Jessica Brown,178 Maple St,customer150@mail.com
151,Anna Garcia,497 Birch St,customer151@mail.com
152,Jessica Williams,852 Oak St,customer152@mail.com
153,Jessica Hernandez,212 Pine St,customer153@mail.com
154,Michael Miller,405 Maple St,customer154@mail.com
155,Jane Williams,685 Cedar St,customer155@mail.com
156,Jane Brown,797 Pine St,customer156@mail.com
157,Michael Johnson,906 Cedar St,customer157@mail.com
158,Sarah Martinez,806 Pine St,customer158@mail.com
159,Jane Hernandez,953 Elm St,customer159@mail.com
160,Jessica Garcia,108 Birch St,customer160@mail.com
161,James Brown,414 Maple St,customer161@mail.com
162,Sarah Johnson,609 Birch St,customer162@mail.com
163,Jessica Williams,839 Pine St,customer163@mail.com
164,Emily Hernandez,693 Birch St,customer164@mail.com
165,Sarah Garcia,964 Oak St,customer165@mail.com
166,Emily Davis,449 Oak St,customer166@mail.com
167,Daniel Jones,562 Maple St,customer167@mail.com
168,Sarah Johnson,312 Pine St,customer168@mail.com
169,Emily Garcia,361 Pine St,customer169@mail.com
170,James Johnson,504 Maple St,customer170@mail.com
171,Sarah Hernandez,868 Elm St,customer171@mail.com
172,Jane Davis,585 Oak St,customer172@mail.com
173,Anna Jones,600 Birch St,customer173@mail.com
174,James Garcia,269 Oak St,customer174@mail.com
175,Michael Smith,826 Oak St,customer175@mail.com
176,Michael Brown,518 Elm St,customer176@mail.com
177,Jane Martinez,964 Oak St,customer177@mail.com
178,Michael Hernandez,187 Birch St,customer178@mail.com
179,Anna Miller,529 Maple St,customer179@mail.com
180,Michael Martinez,621 Elm St,customer180@mail.com
181,Anna Hernandez,505 Elm St,customer181@mail.com
182,Daniel Martinez,167 Pine St,customer182@mail.com
183,Daniel Davis,322 Maple St,customer183@mail.com
184,Anna Davis,807 Pine St,customer184@mail.com
185,David Davis,780 Elm St,customer185@mail.com
186,Jessica Williams,692 Birch St,customer186@mail.com
187,Jane Miller,671 Pine St,customer187@mail.com
188,Jane Jones,939 Maple St,customer188@mail.com
189,James Johnson,591 Cedar St,customer189@mail.com
190,Jane Davis,210 Oak St,customer190@mail.com
191,Sarah Martinez,278 Oak St,customer191@mail.com
192,John Brown,681 Elm St,customer192@mail.com
193,Jessica Williams,214 Elm St,customer193@mail.com
194,Emily Miller,708 Birch St,customer194@mail.com
195,Anna Jones,739 Cedar St,customer195@mail.com
196,Sarah Williams,114 Birch St,customer196@mail.com
197,Sarah Smith,370 Pine St,customer197@mail.com
198,Emily Martinez,541 Oak St,customer198@mail.com
199,Anna Smith,457 Birch St,customer199@mail.com
200,Sarah Smith,419 Pine St,customer200@mail.com
201,Sarah Garcia,149 Oak St,customer201@mail.com
202,Jane Johnson,545 Pine St,customer202@mail.com
203,Jane Martinez,401 Maple St,customer203@mail.com
204,Michael Johnson,610 Cedar St,customer204@mail.com
205,John Jones,849 Pine St,customer205@mail.com
206,Sarah Davis,620 Pine St,customer206@mail.com
207,John Johnson,153 Maple St,customer207@mail.com
208,Emily Hernandez,424 Maple St,customer208@mail.com
209,David Williams,570 Birch St,customer209@mail.com
210,John Jones,555 Cedar St,customer210@mail.com
211,Anna Jones,905 Birch St,customer211@mail.com
212,James Brown,880 Cedar St,customer212@mail.com
213,Michael Smith,858 Elm St,customer213@mail.com
214,Jane Hernandez,752 Birch St,customer214@mail.com
215,Jessica Smith,329 Maple St,customer215@mail.com
216,Anna Johnson,963 Pine St,customer216@mail.com
217,Jessica Williams,770 Pine St,customer217@mail.com
218,Emily Brown,674 Cedar St,customer218@mail.com
219,John Garcia,547 Pine St,customer219@mail.com
220,Jessica Jones,947 Cedar St,customer220@mail.com
221,John Williams,693 Cedar St,customer221@mail.com
222,John Smith,372 Maple St,customer222@mail.com
223,John Johnson,509 Cedar St,customer223@mail.com
224,Michael Hernandez,165 Birch St,customer224@mail.com
225,Daniel Davis,241 Birch St,customer225@mail.com
226,Sarah Williams,200 Oak St,customer226@mail.com
227,Anna Miller,919 Cedar St,customer227@mail.com
228,John Smith,458 Maple St,customer228@mail.com
229,Daniel Brown,722 Maple St,customer229@mail.com
230,Anna Johnson,265 Birch St,customer230@mail.com
231,David Williams,222 Pine St,customer231@mail.com
232,John Hernandez,228 Elm St,customer232@mail.com
233,Michael Garcia,572 Maple St,customer233@mail.com
234,Jessica Hernandez,267 Pine St,customer234@mail.com
235,Jessica Brown,796 Birch St,customer235@mail.com
236,Daniel Miller,551 Oak St,customer236@mail.com
237,John Jones,394 Birch St,customer237@mail.com
238,Michael Garcia,347 Oak St,customer238@mail.com
239,Jane Jones,302 Maple St,customer239@mail.com
240,John Jones,239 Cedar St,customer240@mail.com
241,Emily Hernandez,643 Maple St,customer241@mail.com
242,John Johnson,851 Birch St,customer242@mail.com
243,James Smith,259 Pine St,customer243@mail.com
244,James Garcia,976 Cedar St,customer244@mail.com
245,Anna Hernandez,326 Elm St,customer245@mail.com
246,David Miller,469 Oak St,customer246@mail.com
247,Michael Hernandez,537 Oak St,customer247@mail.com
248,David Martinez,387 Pine St,customer248@mail.com
249,Sarah Jones,491 Birch St,customer249@mail.com
250,Michael Jones,316 Cedar St,customer250@mail.com
251,Jane Johnson,457 Maple St,customer251@mail.com
252,Jessica Brown,198 Maple St,customer252@mail.com
253,John Garcia,791 Birch St,customer253@mail.com
254,Daniel Garcia,727 Maple St,customer254@mail.com
255,Jane Smith,505 Pine St,customer255@mail.com
256,John Miller,368 Maple St,customer256@mail.com
257,Daniel Hernandez,355 Oak St,customer257@mail.com
258,Jane Hernandez,785 Cedar St,customer258@mail.com
259,John Garcia,930 Oak St,customer259@mail.com
260,John Hernandez,263 Birch St,customer260@mail.com
261,James Brown,703 Maple St,customer261@mail.com
262,Jane Davis,625 Oak St,customer262@mail.com
263,Anna Smith,830 Pine St,customer263@mail.com
264,John Miller,444 Elm St,customer264@mail.com
265,John Davis,180 Elm St,customer265@mail.com
266,David Jones,541 Maple St,customer266@mail.com
267,James Martinez,765 Oak St,customer267@mail.com
268,David Davis,731 Oak St,customer268@mail.com
269,James Garcia,511 Elm St,customer269@mail.com
270,Michael Garcia,373 Pine St,customer270@mail.com
271,David Davis,357 Oak St,customer271@mail.com
272,Daniel Garcia,273 Birch St,customer272@mail.com
273,James Davis,603 Maple St,customer273@mail.com
274,David Smith,786 Maple St,customer274@mail.com
275,Sarah Miller,218 Maple St,customer275@mail.com
276,Jessica Martinez,446 Cedar St,customer276@mail.com
277,Jane Jones,175 Maple St,customer277@mail.com
278,James Garcia,558 Pine St,customer278@mail.com
279,David Davis,587 Elm St,customer279@mail.com
280,Jane Garcia,531 Pine St,customer280@mail.com
281,David Hernandez,868 Maple St,customer281@mail.com
282,John Smith,458 Birch St,customer282@mail.com
283,Michael Johnson,847 Pine St,customer283@mail.com
284,Anna Martinez,391 Elm St,customer284@mail.com
285,Emily Jones,885 Maple St,customer285@mail.com
286,Jane Miller,862 Birch St,customer286@mail.com
287,Jessica Martinez,165 Elm St,customer287@mail.com
288,John Brown,781 Pine St,customer288@mail.com
289,Jane Johnson,450 Elm St,customer289@mail.com
290,Sarah Johnson,259 Oak St,customer290@mail.com
291,Emily Williams,493 Maple St,customer291@mail.com
292,John Davis,840 Oak St,customer292@mail.com
293,Michael Jones,343 Oak St,customer293@mail.com
294,Anna Smith,303 Pine St,customer294@mail.com
295,Jane Jones,202 Oak St,customer295@mail.com
296,Jessica Jones,165 Maple St,customer296@mail.com
297,Jessica Hernandez,949 Elm St,customer297@mail.com
298,Jane Davis,600 Maple St,customer298@mail.com
299,John Smith,522 Elm St,customer299@mail.com
300,Jane Davis,998 Birch St,customer300@mail.com
301,Emily Davis,213 Birch St,customer301@mail.com
302,Jane Williams,800 Birch St,customer302@mail.com
303,Jane Johnson,724 Oak St,customer303@mail.com
304,Anna Miller,768 Maple St,customer304@mail.com
305,Emily Davis,352 Oak St,customer305@mail.com
306,Sarah Jones,587 Pine St,customer306@mail.com
307,David Davis,780 Birch St,customer307@mail.com
308,James Smith,318 Oak St,customer308@mail.com
309,Anna Hernandez,797 Cedar St,customer309@mail.com
310,Jane Davis,994 Maple St,customer310@mail.com
311,David Williams,403 Pine St,customer311@mail.com
312,Jane Garcia,287 Cedar St,customer312@mail.com
313,James Jones,431 Oak St,customer313@mail.com
314,Daniel Smith,676 Birch St,customer314@mail.com
315,Daniel Brown,130 Elm St,customer315@mail.com
316,James Williams,549 Oak St,customer316@mail.com
317,Daniel Miller,568 Oak St,customer317@mail.com
318,Daniel Smith,382 Cedar St,customer318@mail.com
319,Jane Davis,935 Birch St,customer319@mail.com
320,Sarah Brown,657 Maple St,customer320@mail.com
321,James Miller,614 Oak St,customer321@mail.com
322,Daniel Martinez,938 Maple St,customer322@mail.com
323,Michael Smith,788 Pine St,customer323@mail.com
324,David Johnson,830 Pine St,customer324@mail.com
325,James Garcia,573 Maple St,customer325@mail.com
326,Jane Jones,746 Elm St,customer326@mail.com
327,Jane Smith,527 Elm St,customer327@mail.com
328,Daniel Jones,483 Elm St,customer328@mail.com
329,Jessica Jones,881 Maple St,customer329@mail.com
330,John Martinez,541 Birch St,customer330@mail.com
331,Emily Miller,554 Cedar St,customer331@mail.com
332,Jessica Smith,585 Cedar St,customer332@mail.com
333,Sarah Martinez,559 Elm St,customer333@mail.com
334,Michael Hernandez,115 Pine St,customer334@mail.com
335,Michael Miller,999 Maple St,customer335@mail.com
336,James Martinez,322 Oak St,customer336@mail.com
337,John Johnson,424 Birch St,customer337@mail.com
338,Anna Johnson,423 Pine St,customer338@mail.com
339,Michael Hernandez,319 Pine St,customer339@mail.com
340,David Jones,761 Maple St,customer340@mail.com
341,Anna Smith,867 Birch St,customer341@mail.com
342,Jessica Davis,739 Oak St,customer342@mail.com
343,James Hernandez,854 Elm St,customer343@mail.com
344,David Brown,857 Pine St,customer344@mail.com
345,David Jones,298 Elm St,customer345@mail.com
346,Sarah Miller,432 Maple St,customer346@mail.com
347,Jane Williams,515 Maple St,customer347@mail.com
348,James Williams,611 Oak St,customer348@mail.com
349,James Miller,929 Elm St,customer349@mail.com
350,Jessica Davis,225 Birch St,customer350@mail.com
351,Anna Jones,871 Maple St,customer351@mail.com
352,Emily Johnson,409 Pine St,customer352@mail.com
353,Jessica Williams,461 Maple St,customer353@mail.com
354,Sarah Martinez,989 Cedar St,customer354@mail.com
355,Michael Johnson,727 Birch St,customer355@mail.com
356,Anna Garcia,410 Pine St,customer356@mail.com
357,Jessica Hernandez,861 Pine St,customer357@mail.com
358,James Johnson,647 Oak St,customer358@mail.com
359,David Smith,321 Oak St,customer359@mail.com
360,James Johnson,350 Pine St,customer360@mail.com
361,Jane Davis,313 Elm St,customer361@mail.com
362,Jessica Martinez,829 Birch St,customer362@mail.com
363,Daniel Brown,963 Oak St,customer363@mail.com
364,David Johnson,142 Oak St,customer364@mail.com
365,Jane Johnson,542 Cedar St,customer365@mail.com
366,James Garcia,248 Pine St,customer366@mail.com
367,Michael Brown,389 Oak St,customer367@mail.com
368,Emily Johnson,193 Birch St,customer368@mail.com
369,Michael Hernandez,590 Maple St,customer369@mail.com
370,Daniel Johnson,932 Oak St,customer370@mail.com
371,David Davis,994 Birch St,customer371@mail.com
372,David Miller,970 Elm St,customer372@mail.com
373,Michael Davis,431 Oak St,customer373@mail.com
374,Jane Johnson,643 Birch St,customer374@mail.com
375,Anna Smith,591 Pine St,customer375@mail.com
376,Emily Martinez,645 Birch St,customer376@mail.com
377,John Williams,169 Cedar St,customer377@mail.com
378,Jane Martinez,989 Elm St,customer378@mail.com
379,Michael Smith,397 Oak St,customer379@mail.com
380,Sarah Miller,165 Elm St,customer380@mail.com
381,Jessica Jones,671 Oak St,customer381@mail.com
382,Jane Davis,821 Pine St,customer382@mail.com
383,Jane Williams,808 Pine St,customer383@mail.com
384,Emily Garcia,188 Birch St,customer384@mail.com
385,Daniel Martinez,155 Oak St,customer385@mail.com
386,Sarah Martinez,622 Oak St,customer386@mail.com
387,Jane Davis,985 Cedar St,customer387@mail.com
388,Daniel Brown,385 Birch St,customer388@mail.com
389,Anna Brown,511 Elm St,customer389@mail.com
390,Anna Davis,540 Oak St,customer390@mail.com
391,Anna Jones,210 Cedar St,customer391@mail.com
392,Jane Garcia,645 Maple St,customer392@mail.com
393,Daniel Jones,484 Oak St,customer393@mail.com
394,David Jones,692 Maple St,customer394@mail.com
395,Sarah Williams,538 Maple St,customer395@mail.com
396,James Williams,826 Birch St,customer396@mail.com
397,Sarah Jones,119 Pine St,customer397@mail.com
398,Michael Johnson,545 Oak St,customer398@mail.com
399,David Smith,207 Oak St,customer399@mail.com
400,Emily Jones,124 Elm St,customer400@mail.com
401,Sarah Williams,245 Pine St,customer401@mail.com
402,Michael Garcia,617 Elm St,customer402@mail.com
403,Michael Williams,687 Birch St,customer403@mail.com
404,Daniel Miller,360 Oak St,customer404@mail.com
405,Daniel Jones,487 Birch St,customer405@mail.com
406,Anna Brown,767 Birch St,customer406@mail.com
407,Emily Johnson,925 Cedar St,customer407@mail.com
408,John Brown,587 Pine St,customer408@mail.com
409,Daniel Smith,556 Elm St,customer409@mail.com
410,Jessica Smith,133 Maple St,customer410@mail.com
411,Emily Garcia,974 Birch St,customer411@mail.com
412,James Johnson,709 Cedar St,customer412@mail.com
413,James Miller,866 Birch St,customer413@mail.com
414,Daniel Williams,691 Oak St,customer414@mail.com
415,Daniel Davis,473 Elm St,customer415@mail.com
416,Anna Johnson,904 Elm St,customer416@mail.com
417,David Smith,465 Elm St,customer417@mail.com
418,Michael Hernandez,839 Pine St,customer418@mail.com
419,David Brown,555 Birch St,customer419@mail.com
420,James Smith,645 Elm St,customer420@mail.com
421,David Martinez,744 Elm St,customer421@mail.com
422,John Smith,528 Cedar St,customer422@mail.com
423,Michael Johnson,724 Pine St,customer423@mail.com
424,John Williams,215 Maple St,customer424@mail.com
425,Anna Johnson,664 Cedar St,customer425@mail.com
426,Daniel Miller,681 Oak St,customer426@mail.com
427,Daniel Johnson,539 Oak St,customer427@mail.com
428,Emily Williams,176 Cedar St,customer428@mail.com
429,Jane Williams,440 Pine St,customer429@mail.com
430,John Jones,701 Elm St,customer430@mail.com
431,Jane Johnson,289 Oak St,customer431@mail.com
432,Daniel Miller,959 Pine St,customer432@mail.com
433,Daniel Garcia,280 Maple St,customer433@mail.com
434,Sarah Martinez,738 Maple St,customer434@mail.com
435,Daniel Williams,182 Pine St,customer435@mail.com
436,Michael Miller,621 Pine St,customer436@mail.com
437,Daniel Garcia,577 Birch St,customer437@mail.com
438,Emily Hernandez,558 Cedar St,customer438@mail.com
439,Jane Miller,868 Oak St,customer439@mail.com
440,David Davis,460 Maple St,customer440@mail.com
441,Michael Miller,569 Oak St,customer441@mail.com
442,David Hernandez,450 Cedar St,customer442@mail.com
443,Sarah Williams,467 Elm St,customer443@mail.com
444,Sarah Johnson,424 Birch St,customer444@mail.com
445,David Garcia,192 Oak St,customer445@mail.com
446,Sarah Brown,912 Maple St,customer446@mail.com
447,David Garcia,402 Oak St,customer447@mail.com
448,John Miller,680 Oak St,customer448@mail.com
449,Daniel Martinez,975 Birch St,customer449@mail.com
450,Emily Brown,680 Birch St,customer450@mail.com
451,John Brown,439 Elm St,customer451@mail.com
452,Jessica Miller,953 Elm St,customer452@mail.com
453,Anna Davis,612 Elm St,customer453@mail.com
454,David Davis,530 Birch St,customer454@mail.com
455,Jessica Hernandez,392 Pine St,customer455@mail.com
456,Michael Jones,922 Pine St,customer456@mail.com
457,David Martinez,457 Elm St,customer457@mail.com
458,James Williams,926 Birch St,customer458@mail.com
459,James Davis,467 Birch St,customer459@mail.com
460,James Garcia,398 Elm St,customer460@mail.com
461,Emily Brown,278 Elm St,customer461@mail.com
462,Anna Davis,399 Pine St,customer462@mail.com
463,Jane Smith,147 Birch St,customer463@mail.com
464,Michael Williams,136 Elm St,customer464@mail.com
465,Emily Martinez,375 Elm St,customer465@mail.com
466,John Garcia,661 Maple St,customer466@mail.com
467,Daniel Williams,267 Oak St,customer467@mail.com
468,John Miller,376 Birch St,customer468@mail.com
469,Anna Smith,352 Oak St,customer469@mail.com
470,Emily Garcia,881 Birch St,customer470@mail.com
471,James Johnson,628 Oak St,customer471@mail.com
472,Emily Davis,356 Oak St,customer472@mail.com
473,Michael Hernandez,430 Cedar St,customer473@mail.com
474,Sarah Smith,768 Maple St,customer474@mail.com
475,Jessica Jones,637 Maple St,customer475@mail.com
476,David Johnson,980 Elm St,customer476@mail.com
477,David Garcia,921 Oak St,customer477@mail.com
478,David Williams,883 Elm St,customer478@mail.com
479,David Johnson,226 Oak St,customer479@mail.com
480,David Brown,521 Maple St,customer480@mail.com
481,David Jones,220 Birch St,customer481@mail.com
482,Emily Garcia,268 Pine St,customer482@mail.com
483,Jessica Davis,150 Cedar St,customer483@mail.com
484,Daniel Williams,430 Elm St,customer484@mail.com
485,Michael Williams,102 Birch St,customer485@mail.com
486,John Davis,551 Maple St,customer486@mail.com
487,Jane Garcia,125 Oak St,customer487@mail.com
488,Daniel Garcia,819 Birch St,customer488@mail.com
489,Jessica Smith,152 Pine St,customer489@mail.com
490,James Garcia,310 Birch St,customer490@mail.com
491,Jane Williams,471 Elm St,customer491@mail.com
492,James Smith,311 Elm St,customer492@mail.com
493,Sarah Miller,842 Pine St,customer493@mail.com
494,Emily Miller,556 Cedar St,customer494@mail.com
495,Sarah Smith,276 Pine St,customer495@mail.com
496,Anna Brown,414 Maple St,customer496@mail.com
497,James Miller,499 Cedar St,customer497@mail.com
498,Anna Williams,382 Pine St,customer498@mail.com
499,Sarah Johnson,681 Maple St,customer499@mail.com
500,Jane Williams,390 Birch St,customer500@mail.com
501,Jessica Davis,975 Maple St,customer501@mail.com
502,John Miller,312 Maple St,customer502@mail.com
503,Anna Davis,597 Pine St,customer503@mail.com
504,Michael Hernandez,264 Oak St,customer504@mail.com
505,David Martinez,366 Birch St,customer505@mail.com
